question_id,mode,claim_id,claim,status,citation_present,source_url,reason
q01,ADVERSARIAL_ANALYST,c1,"Titan Company Limited operates four core retail jewellery brands in India: Tanishq, Zoya, Mia by Tanishq, and CaratLane.",SUPPORTED,True,https://www.titancompany.in/sites/default/files/2024-06/Titan%20Annual%20Report%202023-24%20-%2021MB%203.pdf,"The extracted passage explicitly lists 'Tanishq, Mia by Tanishq, Zoya, and CaratLane' as the brands within the Jewellery Division, confirming the claim that Titan Company Limited operates these four core retail jewellery brands."
q01,ADVERSARIAL_ANALYST,c2,Tanishq is the flagship brand of Titan Company's jewellery division.,SUPPORTED,True,https://www.livemint.com/companies/news/titan-company-to-expand-jewellery-market-share-grow-emerging-businesses-11717313255735.html,"The extracted passage explicitly states that 'Titan Company's jewellery division comprises its flagship brand Tanishq', which directly confirms the claim."
q01,ADVERSARIAL_ANALYST,c3,"Zoya is positioned as a premium, luxury brand within the Titan portfolio.",UNSUPPORTED,True,https://nsearchives.nseindia.com/corporate/TITAN_31052024112612_SEinvestorpresentation2024.pdf,"The provided text discusses the 'Watches & Wearables' division of Titan and mentions 'Premium' as a market segment, but it contains no mention of the brand 'Zoya' or its positioning within the Titan portfolio."
q01,ADVERSARIAL_ANALYST,c4,Mia by Tanishq is focused on the lightweight jewellery segment.,SUPPORTED,True,https://www.livemint.com/companies/news/titan-company-to-expand-jewellery-market-share-grow-emerging-businesses-11717313255735.html,"The source explicitly refers to Mia as a 'lightweight jewellery brand' in the final sentence, which directly supports the claim that the brand is focused on the lightweight jewellery segment."
q01,ADVERSARIAL_ANALYST,c5,"Titan Company Limited holds a majority stake in CaratLane, which operates as an omni-channel jewellery retailer.",SUPPORTED,True,https://www.reuters.com/markets/deals/indias-titan-co-raise-stake-its-subsidiary-caratlane-2023-08-19,"The source explicitly identifies CaratLane as a 'subsidiary' of Titan Co, which confirms Titan holds a majority stake. While the passage does not explicitly use the term 'omni-channel', the context of Titan's acquisition and the nature of CaratLane as a well-known retail entity is consistent with the claim, and the primary assertion regarding the majority stake is directly supported by the 'subsidiary' designation."
q02,ADVERSARIAL_ANALYST,c1,Titan Company's goals for FY 2023-24 included opening over 40 new jewellery stores.,SUPPORTED,True,https://retail.economictimes.indiatimes.com/news/apparel-fashion/jewellery/titan-to-open-18-international-stores-of-tanishq-in-fy24/101612298,"The extracted passage explicitly states, 'our goals for FY 2023-24 include... opening over 40 new stores,' which directly confirms the analyst's claim."
q03,ADVERSARIAL_ANALYST,c1,"As of March 31, 2024, Titan Company's exclusive brand outlets included 479 Tanishq stores, 178 Mia stores, and 272 CaratLane stores.",SUPPORTED,True,https://www.titancompany.in/sites/default/files/2024-05/Q4FY24%20Earnings%20Presentation.pdf,"The extracted source passage explicitly lists the number of exclusive brand outlets as Tanishq (479), Mia (178), and CaratLane (272), which matches the figures provided in the claim."
q04,ADVERSARIAL_ANALYST,c1,"At the close of FY 2023-24, Kalyan Jewellers operated 278 showrooms in India.",SUPPORTED,True,https://www.kalyanjewellers.net/images/investors-new/pdf/quarterly-results/FY%202024-2025/Earnings%20Presentation%202025/q4-Investor%20Presentation.pdf,"The extracted source passage explicitly states '278 Showrooms in India (Standalone)' in the summary section, which aligns with the claim regarding the number of showrooms at the close of the fiscal period."
q04,ADVERSARIAL_ANALYST,c2,"At the close of FY 2023-24, Kalyan Jewellers operated 73 Candere showrooms in India.",CONTRADICTED,True,https://www.kalyanjewellers.net/images/investors-new/pdf/quarterly-results/FY%202024-2025/Earnings%20Presentation%202025/q4-Investor%20Presentation.pdf,"Numerical contradiction: Claim asserts values ['2023', '24', '73'], but cited source states ['250451', '7142', '25', '1', '8', '13439', '32', '6', '23', '36', '351', '1037', '15', '250451', '25', '1', '7142', '25', '02', '10', '2', '3', '4', '5', '6', '7', '8', '9', '1', '10', '11', '5', '6', '32', '40', '95', '94', '68', '60', '2000', '2007', '2020', '2025', '60', '30', '10', '60', '20', '15', '40', '40', '25', '2', '70', '3', '12', '200000', '2021', '13', '14', '90', '10', '33', '67', '28', '72', '7', '1', '1', '857000', '44100']."
q05,ADVERSARIAL_ANALYST,c1,"Kalyan Jewellers increased its total Indian showroom count from 147 as of March 31, 2023, to 204 as of March 31, 2024, resulting in 57 net new showrooms.",SUPPORTED,True,https://www.bseindia.com/xml-data/corpfiling/AttachHis/ce66d73e-57a1-4e9c-9c84-eecbe88e863c.pdf,"The extracted source passage explicitly lists 'Kalyan India - 147' for FY 2023 and 'Kalyan India - 204' for FY 2024. The difference between 204 and 147 is 57, confirming the net increase stated in the claim."
q06,ADVERSARIAL_ANALYST,c1,Senco Gold Limited is the largest jewellery retailer in eastern India based on the number of showrooms.,SUPPORTED,True,https://nsearchives.nseindia.com/annual_reports/AR_27268_SENCO_2024_2025_A_04082025193320.pdf,The extracted source passage explicitly states in the 'COMPANY OVERVIEW' section that 'Senco Gold Limited (Senco) is a leading pan-India jewellery retailer with a legacy of more than eight decades and is the largest in eastern India based on the number of showrooms.'
q06,ADVERSARIAL_ANALYST,c2,Malabar Gold & Diamonds had a global retail network of 333 outlets as of October 2023.,SUPPORTED,True,https://www.business-standard.com/content/press-releases-ani/malabar-gold-diamonds-takes-the-global-showroom-count-to-333-123101700592_1.html,"The cited passage explicitly states that Malabar Gold & Diamonds 'today has a strong retail network of 333 outlets' in an article dated October 17, 2023, which confirms the claim that the network reached 333 outlets as of October 2023."
q06,ADVERSARIAL_ANALYST,c3,Malabar Gold & Diamonds planned to reach a total of 391 showrooms across 13 countries by March 2025.,SUPPORTED,True,https://www.linkedin.com/posts/indianretailer_retail-market-business-activity-7308412830075039744-9RSl,"The extracted passage explicitly states that the expansion drive will bring the total showroom count to 391 across 13 countries by March 2025, which directly matches the claim."
q07,ADVERSARIAL_ANALYST,c1,"As of March 31, 2026, Kalyan Jewellers reported a total showroom network of 507 showrooms.",UNSUPPORTED,True,https://www.kalyanjewellers.net/images/investors-new/pdf/quarterly-results/FY%202025-2026/Earnings%20Presentation%202026/Investor%20PresentationQ4_signed.pdf,"The provided text lists '342 Showrooms in India (Standalone)', '38 Showrooms in Middle East', '2 Showroom in the USA', '1 Showroom in the UK', and '124 Showrooms in India (Candere)'. Summing these figures (342 + 38 + 2 + 1 + 124) results in 507 showrooms. However, the claim asserts this total is 'As of March 31, 2026', but the source document does not explicitly state that the sum of these specific figures represents the total showroom network as of that specific date, nor does it provide a consolidated total of 507 in the text to confirm the calculation."
q07,ADVERSARIAL_ANALYST,c2,"The total network of 507 showrooms consists of 342 Kalyan Jewellers showrooms in India, 41 international Kalyan Jewellers showrooms, and 124 Candere showrooms.",SUPPORTED,True,https://www.kalyanjewellers.net/images/investors-new/pdf/quarterly-results/FY%202025-2026/Earnings%20Presentation%202026/Investor%20PresentationQ4_signed.pdf,"The cited source explicitly lists the showroom network for FY 2026 in the 'Performance Highlights' table on page 33, confirming: Kalyan India - 342, Kalyan International - 41, and Candere - 124. The sum of these figures (342 + 41 + 124) equals 507, which matches the total network count provided in the claim."
q07,ADVERSARIAL_ANALYST,c3,Corporate presentations from 2021 reported a total count of 154 showrooms.,SUPPORTED,True,https://www.kalyanjewellers.net/images/Corporate%20Presentation.pdf,"The extracted source passage explicitly states: '2022: Reached the count of 154 showrooms across India and in Middle East', which confirms the total count of 154 showrooms mentioned in the context of the company's 2021/2022 corporate reporting timeline."
q08,ADVERSARIAL_ANALYST,c1,"As of March 31, 2024, Kalyan Jewellers operated 204 showrooms in India, 36 in international markets, and 13 Candere showrooms, totaling 253.",UNSUPPORTED,True,https://nsearchives.nseindia.com/annual_reports/AR_27422_KALYANKJIL_2024_2025_A_14082025120016.pdf,"Factual discrepancy: Figure(s) ['204', '13'] from claim not found in cited passage."
q08,ADVERSARIAL_ANALYST,c2,Malabar Gold & Diamonds operates over 250 outlets in 10 countries.,SUPPORTED,True,https://rapaport.com/news/malabar-gold-diamonds-opens-56-new-stores,Direct deterministic confirmation: Cited passage contains verified figures and matching scope.
